"rgn_id","year","access_perc"
1,"2018",16.38446632
2,"2018",12.28471969
3,"2018",23.29800645
4,"2018",11.3860876
5,"2018",27.7763868
6,"2018",35.21193045
