"rgn_id","year","pressure_score"
"1",2013,0.766077866979854
"2",2013,0.891186706581688
"3",2013,1
"4",2013,0.959046165699222
"5",2013,0.873248262317559
"6",2013,0.973992474782988
