"rgn_id","year","pressure_score"
"1",2013,0.372454578161059
"2",2013,0.658748973547027
"3",2013,0.854372397595656
"4",2013,0.851370270191716
"5",2013,0.849291279492457
"6",2013,0.650401483836607
