"rgn_id","year","pressure_score"
"1",2013,0.387853512839236
"2",2013,0.606683509410179
"3",2013,0.658728164458928
"4",2013,0.879663054444818
"5",2013,0.744459093840504
"6",2013,0.538187009412113
