"rgn_id","year","pressure_score"
"1",2013,0.440911449991522
"2",2013,0.689677151205441
"3",2013,0.748841458249797
"4",2013,1
"5",2013,0.846300285181756
"6",2013,0.611810404782521
