"rgn_id","year","pressure_score"
"1",2013,0.475320249460392
"2",2013,0.552945210854568
"3",2013,0.620459446680362
"4",2013,0.595049253310662
"5",2013,0.54181513365214
"6",2013,0.604322831974689
