"year","rgn_id","inorg_run_off"
2013,1,0.70440232971238
2013,2,0.916415421866252
2013,3,0.894177597668094
2013,4,0.99846021567697
2013,5,0.844289857874541
2013,6,0.784502354496515
