"year","rgn_id","trash"
2014,1,0.289078334392434
2014,2,0.617030164545361
2014,3,0.582177801795793
2014,4,0.578595497468476
2014,5,0.551323734428481
2014,6,0.54861378464189
