"rgn_id","year","trash"
1,2018,0.55935471206624
2,2018,0.93276388892671
3,2018,0.686701332341144
4,2018,1
5,2018,0.744613077877685
6,2018,0.951009580176728
