"year","rgn_id","trash"
2014,"1",1
2014,"2",0.53869484358357
2014,"3",0.590203962813326
2014,"4",0.592757997002924
2014,"5",0.621806958341244
2014,"6",0.63536037836076
