"rgn_id","year","trash"
"1",2014,1
"2",2014,0.672048169847073
"3",2014,0.70866711868387
"4",2014,0.710482836923957
"5",2014,0.731134372902766
"6",2014,0.740769792837719
