"rgn_id","year","pressure_score"
1,2018,0
2,2018,0.0808417212220134
3,2018,0.402534912722637
4,2018,0.199609958732417
5,2018,0.772589824244418
6,2018,1
