"rgn_id","year","pressure_score"
1,2018,0
2,2018,0.0976969094325253
3,2018,1
4,2018,0
5,2018,0.405508689679887
6,2018,0.969932309510805
