"rgn_id","year","pressure_score"
1,2018,0
2,2018,0.00922440954432055
3,2018,0.184813169628114
4,2018,0
5,2018,0.449049743370562
6,2018,1
