"rgn_id","year","pressure_score"
1,2018,0
2,2018,0.121907378151401
3,2018,0.336724052541485
4,2018,0.197489421699339
5,2018,1
6,2018,0.926578743588363
