"rgn_id","year","pressure_score"
1,2018,0
2,2018,0.189458553132013
3,2018,0.398439269611233
4,2018,0.340302383412898
5,2018,1
6,2018,0.112678889360496
