"rgn_id","year","pressure_score"
1,2018,0
2,2018,0.0855781386754838
3,2018,0.717475444909073
4,2018,0
5,2018,0.414275989497228
6,2018,1
