"rgn_id","year","pressure_score"
1,2018,0
2,2018,0.00854815152778543
3,2018,0.190635578665282
4,2018,0.00605712577582342
5,2018,0.452030710414323
6,2018,1
