"rgn_id","year","pressure_score"
1,2018,0
2,2018,0.126529908376646
3,2018,0.347627241177352
4,2018,0.191738540126195
5,2018,1
6,2018,0.884224385039115
