"rgn_id","year","pressure_score"
1,2018,0
2,2018,0.0725054795754163
3,2018,0.636866493410523
4,2018,0.215535791756823
5,2018,1
6,2018,0.832877236656595
