"rgn_id","year","pressure_score"
1,2018,0
2,2018,0.11252896985623
3,2018,0.95814129865842
4,2018,0.232614287017669
5,2018,1
6,2018,0.0826266202875413
