"rgn_id","year","pressure_score"
1,2018,0
2,2018,0.0723851276208378
3,2018,0.643359402320561
4,2018,0.213464488719511
5,2018,1
6,2018,0.837351956212065
