"rgn_id","year","pressure_score"
1,2018,0
2,2018,0.0847476334634424
3,2018,0.407102699666543
4,2018,0.179232480447515
5,2018,0.685028466079083
6,2018,1
