"rgn_id","year","resilience_score"
1,2018,0.5
2,2018,0.928571428571429
3,2018,0.714285714285714
4,2018,0.214285714285714
5,2018,1
6,2018,0.357142857142857
