"rgn_id","year","resilience_score"
1,2018,0.670295630581872
2,2018,0.345618023171695
3,2018,0.486340208852965
4,2018,0.679128085105268
5,2018,0.806491045779598
6,2018,0.336328682278437
