rgn_id,resilience_score
1,0.791666667
2,0.791666667
3,0.791666667
4,0.791666667
5,0.791666667
6,0.791666667
