rgn_id,resilience_score
1,0.642857143
2,0.642857143
3,0.642857143
4,0.642857143
5,0.642857143
6,0.642857143
