rgn_id,resilience_score
1,0.777777778
2,0.777777778
3,0.777777778
4,0.777777778
5,0.777777778
6,0.777777778
