"rgn_id","habitat","year","km2"
1,"saltmarsh","2017",57.64915186
2,"saltmarsh","2017",10.60396993
3,"saltmarsh","2017",20.81687312
4,"saltmarsh","2017",0.337130994
5,"saltmarsh","2017",14.69179316
6,"saltmarsh","2017",11.77758307
