"rgn_id","habitat","year","km2"
1,"sand dune","2017",1.933984939
2,"sand dune","2017",11.35603213
3,"sand dune","2017",12.54073839
4,"sand dune","2017",0.588674399
5,"sand dune","2017",0.060891579
6,"sand dune","2017",0.565783374
