"rgn_id","year","pressure_score"
"1",2011,1
"2",2011,0.134875548637117
"3",2011,0.453917688666366
"4",2011,0.00186909006200957
"5",2011,0.377086297264214
"6",2011,0.488028573858139
