"rgn_id","year","resilience_score"
1,2018,0.545009123845125
2,2018,0.0636752991111248
3,2018,0.118265397341875
4,2018,0.119625477492097
5,2018,0.0917299035163432
6,2018,0.0696786387967416
