"rgn_id","year","resilience_score"
1,2018,0.506117626737295
2,2018,0.00623504444376096
3,2018,0.0076038317000733
4,2018,0.090519246295545
5,2018,0.0765424710982195
6,2018,0.0517636795647333
