"rgn_id","year","resilience_score"
1,2018,0.617973041685253
2,2018,0.0338426951286018
3,2018,0.122114817383025
4,2018,0.588516345128174
5,2018,0.620025670802518
6,2018,0.231468996833571
