"rgn_id","year","pressure_score"
1,2018,0
2,2018,0.162353288943849
3,2018,1
4,2018,0.973554340084234
5,2018,0.44271234582307
6,2018,0.648298678978448
