"rgn_id","year","pressure_score"
1,2018,0
2,2018,0.073034911265412
3,2018,0.691748280997638
4,2018,0.222324809817544
5,2018,1
6,2018,0.806849449662199
