"rgn_id","year","pressure_score"
1,2018,0
2,2018,0.0811923462058852
3,2018,0.644886999425336
4,2018,0.215535791756823
5,2018,1
6,2018,0.840648960479198
