"rgn_id","year","pressure_score"
"1",2014,1
"2",2014,0
"3",2014,0.509797065273387
"4",2014,0
"5",2014,0
"6",2014,0.112695763971948
