rgn_id,year,c_lngth_km
1,2018,470.8039856
2,2018,248.7200012
3,2018,1082.459961
4,2018,149.1439972
5,2018,354.9190063
6,2018,244.3070068
