rgn_id,year,area_km2
1,2018,0.371672506
2,2018,7.75938113
3,2018,101.6728578
4,2018,0
5,2018,83.83327977
6,2018,34.29458855
