"rgn_id","pressure_score","year"
"1",0.77426861386373,2017
"2",0.234227469691778,2017
"3",0.334029985561615,2017
"4",0.228597119929723,2017
"5",0.575062753572942,2017
"6",0.539219373756269,2017
