"rgn_id","pressure_score","year"
"1",1,2017
"2",0.459958855828047,2017
"3",0.559761371697884,2017
"4",0.454328506065992,2017
"5",0.800794139709211,2017
"6",0.764950759892539,2017
