"rgn_id","pressure_score","year"
"1",0.811222343461369,2017
"2",0.225773601447131,2017
"3",0.302069985842923,2017
"4",0.224021226261503,2017
"5",0.624329810712107,2017
"6",0.642216548999807,2017
