"rgn_id","pressure_score","year"
"1",1,2017
"2",0.414551257985762,2017
"3",0.490847642381554,2017
"4",0.412798882800134,2017
"5",0.813107467250738,2017
"6",0.830994205538438,2017
