"rgn_id","pressure_score","year"
"1",0.70650299309765,2017
"2",0.169060519079555,2017
"3",0.133886302007982,2017
"4",0.167265980753408,2017
"5",0.540571968309636,2017
"6",0.496994379404112,2017
