"rgn_id","year","pressure_score"
"1",2013,0.37008282896382
"2",2013,0.0641868740600124
"3",2013,0.0918161886134609
"4",2013,0.000000000578417180878235
"5",2013,0.130366301338972
"6",2013,0.205888839989561
