"rgn_id","year","pressure_score"
"1",2013,0.37008282896382
"2",2013,0.0475198445023164
"3",2013,0.00918494786000328
"4",2013,0.000000278121474136015
"5",2013,0.0328094864968065
"6",2013,0.114165565431038
