"rgn_id","year","pressure_score"
"1",2013,0.399223580789075
"2",2013,0.13988455601236
"3",2013,0.185033422198708
"4",2013,0
"5",2013,0.259686018246011
"6",2013,0.338245220361508
