"rgn_id","year","pressure_score"
"1",2013,1
"2",2013,0.35039151679336
"3",2013,0.463483198645192
"4",2013,0
"5",2013,0.6504776539821
"6",2013,0.847257618633043
