"rgn_id","year","pressure_score"
1,2018,1
2,2018,0.62659082313953
3,2018,0.872653379725096
4,2018,0.55935471206624
5,2018,0.814741634188555
6,2018,0.608345131889512
