"rgn_id","year","pressure_score"
"1",2015,0.428155643124482
"2",2015,0.798599555552315
"3",2015,0.719175838778128
"4",2015,0.732684555583079
"5",2015,0.763808721767531
"6",2015,0.744088327505432
