"rgn_id","year","pressure_score"
"1",2015,0.428155643124482
"2",2015,0.81788981818636
"3",2015,0.741915584777808
"4",2015,0.7329876464798
"5",2015,0.723681213341305
"6",2015,0.721145809686259
