"rgn_id","year","pressure_score"
"1",2015,0.389094467392432
"2",2015,0.299881564262966
"3",2015,0.689065709638199
"4",2015,0.360102211940411
"5",2015,1
"6",2015,0.313487188276813
