"rgn_id","year","pressure_score"
1,2018,0.79344262295082
2,2018,0.108196721311475
3,2018,1
4,2018,0
5,2018,0.2
6,2018,0.327868852459016
