rgn_id,year,resilience_score
1,2014,0.885758333333333
1,2015,0.882825
1,2016,0.88655
1,2017,0.8873
2,2014,0.885758333333333
2,2015,0.882825
2,2016,0.88655
2,2017,0.8873
3,2014,0.885758333333333
3,2015,0.882825
3,2016,0.88655
3,2017,0.8873
4,2014,0.885758333333333
4,2015,0.882825
4,2016,0.88655
4,2017,0.8873
5,2014,0.885758333333333
5,2015,0.882825
5,2016,0.88655
5,2017,0.8873
6,2014,0.885758333333333
6,2015,0.882825
6,2016,0.88655
6,2017,0.8873
