"rgn_id","year","pressure_score"
"1",2011,0.168736490128328
"2",2011,0.154341499450613
"3",2011,0.200931633481899
"4",2011,1
"5",2011,0
"6",2011,0.0472364162976387
