rgn_id,pressure_score
1,0.153048157
2,0.153048157
3,0.153048157
4,0.153048157
5,0.153048157
6,0.153048157
