rgn_id,score
1,0.9090021623997376
2,0.9090021623997376
3,0.9090021623997376
4,0.9090021623997376
5,0.9090021623997376
6,0.9090021623997376
