rgn_id,score
1,0.9067943588831108
2,0.9067943588831108
3,0.9067943588831108
4,0.9067943588831108
5,0.9067943588831108
6,0.9067943588831108
