"rgn_id","score"
1,0.646022723826087
2,0.617853606151515
3,0.629093205970588
4,0.611120770206897
5,0.651350655275862
6,0.588487740851852
