"rgn_id","score"
1,0.846152319057071
2,0.854497667991413
3,0.854392479705129
4,0.829245286234837
5,0.86262661197048
6,0.870496525066112
