"rgn_id","score"
1,-0.277777777777778
2,-0.326086956521739
3,-0.326086956521739
4,-0.342105263157895
5,-0.30952380952381
6,-0.333333333333333
