"rgn_id","score"
1,0.790776849262468
2,0.83481059100873
3,0.658820397988745
4,0.810521789494392
5,0.836380111066974
6,0.861136775683835
