"rgn_id","score"
1,-0.145454545454545
2,-0.145454545454545
3,-0.139344262295082
4,-0.140350877192982
5,-0.131578947368421
6,-0.133928571428571
