rgn_id,score
1,-0.12897736107662292
2,-0.12897736107662292
3,-0.12897736107662292
4,-0.12897736107662292
5,-0.12897736107662292
6,-0.12897736107662292
