"rgn_id","score"
1,0.590712409538461
2,0.564572135216216
3,0.574081256487179
4,0.555564591483871
5,0.5825476858
6,0.526944515242424
