rgn_id,year,pressure_score
1,2014,0.114241666666667
1,2015,0.117175
1,2016,0.11345
1,2017,0.1127
2,2014,0.114241666666667
2,2015,0.117175
2,2016,0.11345
2,2017,0.1127
3,2014,0.114241666666667
3,2015,0.117175
3,2016,0.11345
3,2017,0.1127
4,2014,0.114241666666667
4,2015,0.117175
4,2016,0.11345
4,2017,0.1127
5,2014,0.114241666666667
5,2015,0.117175
5,2016,0.11345
5,2017,0.1127
6,2014,0.114241666666667
6,2015,0.117175
6,2016,0.11345
6,2017,0.1127
