"rgn_id","mean_tscore","year"
1,48.65394402,2018
2,46.40045708,2018
3,48.23168299,2018
4,37.3395371,2018
5,47.97111161,2018
6,50.56793532,2018
