"rgn_id","year","pressure_score"
1,2018,0.962150099902477
2,2018,0.917586545433827
3,2018,0.953799728717103
4,2018,0.738403434186326
5,2018,0.948646831365232
6,2018,1
