"rgn_id","year","pressure_score"
"1",2014,0.362290410670213
"2",2014,0.432254937438291
"3",2014,1
"4",2014,0.777999149772592
"5",2014,0
"6",2014,0
