"region_id","status","data_year"
1,59.0712409538462,2018
2,56.4572135216216,2018
3,57.4081256487179,2018
4,55.5564591483871,2018
5,58.25476858,2018
6,52.6944515242424,2018
