"region_id","status","dimension","data_year"
1,48.65394402,"status",2018
2,46.40045708,"status",2018
3,48.23168299,"status",2018
4,37.3395371,"status",2018
5,47.97111161,"status",2018
6,50.56793532,"status",2018
