"region_id","status","scenario_year","data_year"
1,100,2018,2014
2,67.2048169847073,2018,2014
3,70.866711868387,2018,2014
4,71.0482836923957,2018,2014
5,73.1134372902766,2018,2014
6,74.0769792837719,2018,2014
