"region_id","status","data_year"
1,79.0776849262468,2018
2,83.481059100873,2018
3,65.8820397988745,2018
4,81.0521789494392,2018
5,83.6380111066974,2018
6,86.1136775683835,2018
