"region_id","status","data_year"
1,72.16449009,2018
2,90.06618058,2018
3,81.05854858,2018
4,100,2018
5,77.43257944,2018
6,85.37845365,2018
